<Test1ButtonsPanelWidget xmlns="runtime-namespace:Game">
	<CanvasWidget Size="614, 382" ClampToBounds="true" HorizontalAlignment="Center" VerticalAlignment="Center">
    <BevelledRectangleWidget BevelSize="3" />
    <!--文字界面，标题-->
    <LabelWidget CanvasWidget.Position="265, 14" Text="荒野科技功能" HorizontalAlignment="Center" Color="255, 255, 255, 192"/>
    <!--这个栈界面是为了用一个空CanvasWidget将按钮列表位置顶到下面，防止阻挡上方文字-->
    <StackPanelWidget Direction="Vertical" HorizontalAlignment="Center" VerticalAlignment="Center">
      <CanvasWidget Size="0, 40"/>
      <CanvasWidget Size="580, 300" HorizontalAlignment="Center" VerticalAlignment="Center">
        <BevelledRectangleWidget BevelSize="-2" />
        <!--栈界面(该类界面的子界面都会逐一排列而不是叠在一起)，方向为水平-->
        <StackPanelWidget Direction="Horizontal" HorizontalAlignment="Center" VerticalAlignment="Center">
          <!--左边栈界面，方向为竖直-->
          <StackPanelWidget Name="LeftStack" Direction="Vertical" HorizontalAlignment="Center" VerticalAlignment="Center">
            <BevelledButtonWidget Text="关于功能" Size="230,60" HorizontalAlignment="Center" VerticalAlignment="Center" />
               <BevelledButtonWidget Name="Button1" Text="任务" IsEnabled="false" Size="180,60" HorizontalAlignment="Center" VerticalAlignment="Center" />          
               <BevelledButtonWidget Name="Button2" Text="成就" Size="180,60" HorizontalAlignment="Center" VerticalAlignment="Center" />
               <BevelledButtonWidget Name="Button3" Text="总览" IsEnabled="false" Size="180,60" HorizontalAlignment="Center" VerticalAlignment="Center" />
               <BevelledButtonWidget Name="Button4" Text="必看" Size="180,60" HorizontalAlignment="Center" VerticalAlignment="Center" />
          </StackPanelWidget>
          <!--右边栈界面，方向为竖直-->
          <StackPanelWidget Name="RightStack" Direction="Vertical" HorizontalAlignment="Center" VerticalAlignment="Center">
            <BevelledButtonWidget Text="关于更新" Size="230,60" HorizontalAlignment="Center" VerticalAlignment="Center" />
            <BevelledButtonWidget Name="Button6" Text="更新公告" Size="180,60" HorizontalAlignment="Center" VerticalAlignment="Center" />
            <BevelledButtonWidget Name="Button7" Text="预告" IsEnabled="false" Size="180,60" HorizontalAlignment="Center" VerticalAlignment="Center" />
            <BevelledButtonWidget Name="Button8" Text="加群" IsEnabled="false" Size="180,60" HorizontalAlignment="Center" VerticalAlignment="Center" />
            <BevelledButtonWidget Name="Button9" Text="开发者模式" IsEnabled="false" Size="180,60" HorizontalAlignment="Center" VerticalAlignment="Center" />
          </StackPanelWidget>
        </StackPanelWidget>
      </CanvasWidget>
    </StackPanelWidget>


	</CanvasWidget>

</Test1ButtonsPanelWidget>

